Number,Description
1,"Welcome to the ancient castle, its towering walls made of gray stone rise against the sky."
2,"Inside the courtyard, you can hear the faint echo of footsteps on the cobblestone floor."
3,"The grand hall is adorned with majestic chandeliers and portraits of long-forgotten kings."
4,"Through the arched windows, sunlight streams in, illuminating the dusty banners."
5,"The castle's library holds shelves of old, leather-bound books and secret manuscripts."
6,"In the dungeon below, the air is cold and damp, and the chains on the walls rattle faintly."
7,"The castle towers offer a panoramic view of the surrounding forests and rivers."
8,"Hidden passageways twist behind stone walls, whispering tales of past intrigues."
9,"The throne room is vast, with a high ceiling and a carpet that tells stories of old battles."
10,"At sunset, the castle's silhouette stands majestic against the fiery sky, guarding its secrets."